<?xml version="1.0" ?>
<XML_DIZ_INFO>
	<MASTER_PAD_VERSION_INFO>
		<MASTER_PAD_VERSION>2.01</MASTER_PAD_VERSION>
		<MASTER_PAD_EDITOR>PADGen 2.0.1.22 http://www.padgen.org</MASTER_PAD_EDITOR>
		<MASTER_PAD_INFO>Portable Application Description, or PAD for short, is a data set that is used by shareware authors to disseminate information to anyone interested in their software products. To find out more go to http://www.asp-shareware.org/pad</MASTER_PAD_INFO>
	</MASTER_PAD_VERSION_INFO>
	<Company_Info>
		<Company_Name>NirSoft Freeware</Company_Name>
		<Address_1 />
		<Address_2 />
		<City_Town />
		<State_Province />
		<Zip_Postal_Code />
		<Country />
		<Company_WebSite_URL>http://www.nirsoft.net</Company_WebSite_URL>
		<Contact_Info>
			<Author_First_Name>Nir</Author_First_Name>
			<Author_Last_Name>Sofer</Author_Last_Name>
			<Author_Email>nirsofer@yahoo.com</Author_Email>
			<Contact_First_Name>Nir</Contact_First_Name>
			<Contact_Last_Name>Sofer</Contact_Last_Name>
			<Contact_Email>nirsofer@yahoo.com</Contact_Email>
		</Contact_Info>
		<Support_Info>
			<Sales_Email />
			<Support_Email />
			<General_Email />
			<Sales_Phone />
			<Support_Phone />
			<General_Phone />
			<Fax_Phone />
		</Support_Info>
	</Company_Info>
	<Program_Info>
		<Program_Name>FoldersReport</Program_Name>
		<Program_Version>1.21</Program_Version>
		<Program_Release_Month>09</Program_Release_Month>
		<Program_Release_Day>24</Program_Release_Day>
		<Program_Release_Year>2005</Program_Release_Year>
		<Program_Cost_Dollars />
		<Program_Cost_Other_Code />
		<Program_Cost_Other />
		<Program_Type>Freeware</Program_Type>
		<Program_Release_Status>Minor Update</Program_Release_Status>
		<Program_Install_Support>No Install Support</Program_Install_Support>
		<Program_OS_Support>Win95,Win98,WinME,WinNT 4.x,Windows2000,WinXP</Program_OS_Support>
		<Program_Language>English</Program_Language>
		<Program_Change_Info />
		<Program_Specific_Category>Utilities</Program_Specific_Category>
		<Program_Category_Class>System Utilities::File &amp; Disk Management</Program_Category_Class>
		<Program_Categories />
		<Program_System_Requirements />
		<Includes_JAVA_VM>N</Includes_JAVA_VM>
		<Includes_VB_Runtime>N</Includes_VB_Runtime>
		<Includes_DirectX>N</Includes_DirectX>
		<File_Info>
			<Filename_Versioned>folrep121.zip</Filename_Versioned>
			<Filename_Previous />
			<Filename_Generic>folrep.zip</Filename_Generic>
			<Filename_Long />
			<File_Size_Bytes>27399</File_Size_Bytes>
			<File_Size_K>26</File_Size_K>
			<File_Size_MB>0.03</File_Size_MB>
		</File_Info>
		<Expire_Info>
			<Has_Expire_Info>N</Has_Expire_Info>
			<Expire_Count />
			<Expire_Based_On>Days</Expire_Based_On>
			<Expire_Other_Info />
			<Expire_Month />
			<Expire_Day />
			<Expire_Year />
		</Expire_Info>
	</Program_Info>
	<Program_Descriptions>
		<English>
			<Keywords>foldres,report,scan,size,drive</Keywords>
			<Char_Desc_45>Creates a report about folders in your disk</Char_Desc_45>
			<Char_Desc_80>Scans your disk, and displays a report about each folder.</Char_Desc_80>
			<Char_Desc_250>Scans your disk, and displays a report about each folder.</Char_Desc_250>
			<Char_Desc_450>The FoldersReport utility scans a drive or a base folder that you select, and displays essential information for each folder that it finds: The size of all files inside the folder, The real files size on the disk, number of files inside the folder, number of hidden files, number of compressed files, and number of subfolders.</Char_Desc_450>
			<Char_Desc_2000>The FoldersReport utility scans a drive or a base folder that you select, and displays essential information for each folder that it finds: The size of all files inside the folder, The real files size on the disk, number of files inside the folder, number of hidden files, number of compressed files, and number of subfolders. You can use this utility to easily find out which folders use the most space in your drive. You can scan the folders of your local drives, CD-ROM drives, and network resources on a remote computer.</Char_Desc_2000>
		</English>
	</Program_Descriptions>
	<Web_Info>
		<Application_URLs>
			<Application_Info_URL>http://www.nirsoft.net/utils/folrep.html</Application_Info_URL>
			<Application_Order_URL />
			<Application_Screenshot_URL>http://www.nirsoft.net/utils/folrep.gif</Application_Screenshot_URL>
			<Application_Icon_URL>http://www.nirsoft.net/utils/folrep_icon.gif</Application_Icon_URL>
			<Application_XML_File_URL>http://www.nirsoft.net/pad/folrep.xml</Application_XML_File_URL>
		</Application_URLs>
		<Download_URLs>
			<Primary_Download_URL>http://www.nirsoft.net/utils/folrep.zip</Primary_Download_URL>
			<Secondary_Download_URL />
			<Additional_Download_URL_1 />
			<Additional_Download_URL_2 />
		</Download_URLs>
	</Web_Info>
	<Permissions>
		<Distribution_Permissions />
		<EULA />
	</Permissions>
</XML_DIZ_INFO>
