<?xml version="1.0" ?>
<XML_DIZ_INFO>
	<MASTER_PAD_VERSION_INFO>
		<MASTER_PAD_VERSION>3.10</MASTER_PAD_VERSION>
		<MASTER_PAD_EDITOR>PADGen 3.1.0.41 http://www.padgen.org</MASTER_PAD_EDITOR>
		<MASTER_PAD_INFO>Portable Application Description, or PAD for short, is a data set that is used by shareware authors to disseminate information to anyone interested in their software products. To find out more go to http://www.asp-shareware.org/pad</MASTER_PAD_INFO>
	</MASTER_PAD_VERSION_INFO>
	<Company_Info>
		<Company_Name>NirSoft Freeware</Company_Name>
		<Address_1>-</Address_1>
		<Address_2>-</Address_2>
		<City_Town>-</City_Town>
		<State_Province>-</State_Province>
		<Zip_Postal_Code />
		<Country>-</Country>
		<Company_WebSite_URL>https://www.nirsoft.net</Company_WebSite_URL>
		<Contact_Info>
			<Author_First_Name>Nir</Author_First_Name>
			<Author_Last_Name>Sofer</Author_Last_Name>
			<Author_Email>nirsofer@yahoo.com</Author_Email>
			<Contact_First_Name>Nir</Contact_First_Name>
			<Contact_Last_Name>Sofer</Contact_Last_Name>
			<Contact_Email>nirsofer@yahoo.com</Contact_Email>
		</Contact_Info>
		<Support_Info>
			<Sales_Email>nirsofer@yahoo.com</Sales_Email>
			<Support_Email>nirsofer@yahoo.com</Support_Email>
			<General_Email>nirsofer@yahoo.com</General_Email>
			<Sales_Phone>-</Sales_Phone>
			<Support_Phone>-</Support_Phone>
			<General_Phone>-</General_Phone>
			<Fax_Phone>-</Fax_Phone>
		</Support_Info>
	</Company_Info>
	<Program_Info>
		<Program_Name>LANIPScanner</Program_Name>
		<Program_Version>1.00</Program_Version>
		<Program_Release_Month>09</Program_Release_Month>
		<Program_Release_Day>09</Program_Release_Day>
		<Program_Release_Year>2025</Program_Release_Year>
		<Program_Cost_Dollars />
		<Program_Cost_Other_Code />
		<Program_Cost_Other />
		<Program_Type>Freeware</Program_Type>
		<Program_Release_Status>New Release</Program_Release_Status>
		<Program_Install_Support>No Install Support</Program_Install_Support>
		<Program_OS_Support>Win7 x32,Win7 x64,WinOther,WinVista,WinVista x64,WinXP,Other</Program_OS_Support>
		<Program_Language>English</Program_Language>
		<Program_Change_Info />
		<Program_Specific_Category>Internet</Program_Specific_Category>
		<Program_Category_Class>Network &amp; Internet::Network Monitoring</Program_Category_Class>
		<Program_System_Requirements />
		<File_Info>
			<File_Size_Bytes>457505</File_Size_Bytes>
			<File_Size_K>446</File_Size_K>
			<File_Size_MB>0.44</File_Size_MB>
		</File_Info>
		<Expire_Info>
			<Has_Expire_Info>N</Has_Expire_Info>
			<Expire_Count />
			<Expire_Based_On>Days</Expire_Based_On>
			<Expire_Other_Info />
			<Expire_Month />
			<Expire_Day />
			<Expire_Year />
		</Expire_Info>
	</Program_Info>
	<Program_Descriptions>
		<English>
			<Keywords>LAN,IP,Scanner,connected,devices,network,ICMP,ARP,mDNS,NBNS,SSDP</Keywords>
			<Char_Desc_45>Local network scanner for Windows</Char_Desc_45>
			<Char_Desc_80>Local network scanner for Windows</Char_Desc_80>
			<Char_Desc_250>LANIPScanner is a simple tool for Windows that scans your network and displays the list of all computers and devices that are currently connected to your network.</Char_Desc_250>
			<Char_Desc_450>LANIPScanner is a simple tool for Windows that scans your network and displays the list of all computers and devices that are currently connected to your network. LANIPScanner uses multiple network protocols to scan your network, including ICMP (ping), ARP, NBNS, SSDP, mDNS, DNS.
</Char_Desc_450>
			<Char_Desc_2000>LANIPScanner is a simple tool for Windows that scans your network and displays the list of all computers and devices that are currently connected to your network. LANIPScanner uses multiple network protocols to scan your network, including ICMP (ping), ARP, NBNS, SSDP, mDNS, DNS.
For every computer or device that is connected to your network, the following information is displayed (Only if it's available): IP Address, MAC Address, MAC Address Company, Device Name, Workgroup, Device String, Protocols List, Ping Time, Ping TTL, Device Type, IPv6 Address, IPv6 Link Local Address.
When a device responses to SSDP or mDNS protocol, you can also view the raw data received from the device in the lower pane, by selecting the device in the upper pane. </Char_Desc_2000>
		</English>
	</Program_Descriptions>
	<Web_Info>
		<Application_URLs>
			<Application_Info_URL>https://www.nirsoft.net/utils/lan_ip_scanner.html</Application_Info_URL>
			<Application_Order_URL />
			<Application_Screenshot_URL>https://www.nirsoft.net/utils/lanipscanner.png</Application_Screenshot_URL>
			<Application_Icon_URL>https://www.nirsoft.net/utils/lanipscanner_icon.png</Application_Icon_URL>
			<Application_XML_File_URL>https://www.nirsoft.net/pad/lanipscanner.xml</Application_XML_File_URL>
		</Application_URLs>
		<Download_URLs>
			<Primary_Download_URL>https://www.nirsoft.net/utils/lanipscanner.zip</Primary_Download_URL>
			<Secondary_Download_URL />
			<Additional_Download_URL_1 />
			<Additional_Download_URL_2 />
		</Download_URLs>
	</Web_Info>
	<Permissions>
		<Distribution_Permissions />
		<EULA />
	</Permissions>
</XML_DIZ_INFO>
