<?xml version="1.0" ?>
<XML_DIZ_INFO>
	<MASTER_PAD_VERSION_INFO>
		<MASTER_PAD_VERSION>3.10</MASTER_PAD_VERSION>
		<MASTER_PAD_EDITOR>PADGen 3.1.0.41 http://www.padgen.org</MASTER_PAD_EDITOR>
		<MASTER_PAD_INFO>Portable Application Description, or PAD for short, is a data set that is used by shareware authors to disseminate information to anyone interested in their software products. To find out more go to http://www.asp-shareware.org/pad</MASTER_PAD_INFO>
	</MASTER_PAD_VERSION_INFO>
	<Company_Info>
		<Company_Name>NirSoft Freeware</Company_Name>
		<Address_1>-</Address_1>
		<Address_2>-</Address_2>
		<City_Town>-</City_Town>
		<State_Province>-</State_Province>
		<Zip_Postal_Code />
		<Country>-</Country>
		<Company_WebSite_URL>https://www.nirsoft.net</Company_WebSite_URL>
		<Contact_Info>
			<Author_First_Name>Nir</Author_First_Name>
			<Author_Last_Name>Sofer</Author_Last_Name>
			<Author_Email>nirsofer@yahoo.com</Author_Email>
			<Contact_First_Name>Nir</Contact_First_Name>
			<Contact_Last_Name>Sofer</Contact_Last_Name>
			<Contact_Email>nirsofer@yahoo.com</Contact_Email>
		</Contact_Info>
		<Support_Info>
			<Sales_Email>nirsofer@yahoo.com</Sales_Email>
			<Support_Email>nirsofer@yahoo.com</Support_Email>
			<General_Email>nirsofer@yahoo.com</General_Email>
			<Sales_Phone>-</Sales_Phone>
			<Support_Phone>-</Support_Phone>
			<General_Phone>-</General_Phone>
			<Fax_Phone>-</Fax_Phone>
		</Support_Info>
	</Company_Info>
	<Program_Info>
		<Program_Name>LostMyPassword</Program_Name>
		<Program_Version>1.02</Program_Version>
		<Program_Release_Month>12</Program_Release_Month>
		<Program_Release_Day>24</Program_Release_Day>
		<Program_Release_Year>2025</Program_Release_Year>
		<Program_Cost_Dollars />
		<Program_Cost_Other_Code />
		<Program_Cost_Other />
		<Program_Type>Freeware</Program_Type>
		<Program_Release_Status>Minor Update</Program_Release_Status>
		<Program_Install_Support />
		<Program_OS_Support>Win7 x32,Win7 x64,WinOther,WinVista,WinVista x64,WinXP,Other</Program_OS_Support>
		<Program_Language>English</Program_Language>
		<Program_Change_Info />
		<Program_Specific_Category>Utilities</Program_Specific_Category>
		<Program_Category_Class>Security &amp; Privacy::Other</Program_Category_Class>
		<Program_System_Requirements />
		<File_Info>
			<File_Size_Bytes>281230</File_Size_Bytes>
			<File_Size_K>274</File_Size_K>
			<File_Size_MB>0.27</File_Size_MB>
		</File_Info>
		<Expire_Info>
			<Has_Expire_Info>N</Has_Expire_Info>
			<Expire_Count />
			<Expire_Based_On>Days</Expire_Based_On>
			<Expire_Other_Info />
			<Expire_Month />
			<Expire_Day />
			<Expire_Year />
		</Expire_Info>
	</Program_Info>
	<Program_Descriptions>
		<English>
			<Keywords>lost,password,recovery,Windows</Keywords>
			<Char_Desc_45>Password recovery tool for Windows</Char_Desc_45>
			<Char_Desc_80>Password recovery tool for Windows</Char_Desc_80>
			<Char_Desc_250>LostMyPassword is a tool for Windows that allows you to recover a lost password, if it's stored by a software installed on your system. </Char_Desc_250>
			<Char_Desc_450>LostMyPassword is a tool for Windows that allows you to recover a lost password, if it's stored by a software installed on your system. LostMyPassword can extract the passwords from popular programs, including Web browsers (Chrome, Firefox, Microsoft Edge, Brave, Internet Explorer, Opera, and more...), POP3/IMAP/SMTP passwords stored by email software (Microsoft Outlook, Thunderbird, Windows Mail), Dialup/VPN passwords, and more...</Char_Desc_450>
			<Char_Desc_2000>LostMyPassword is a tool for Windows that allows you to recover a lost password, if it's stored by a software installed on your system. LostMyPassword can extract the passwords from popular programs, including Web browsers (Chrome, Firefox, Microsoft Edge, Brave, Internet Explorer, Opera, and more...), POP3/IMAP/SMTP passwords stored by email software (Microsoft Outlook, Thunderbird, Windows Mail), Dialup/VPN passwords stored by Windows operating system, login passwords of remote computer stored by Windows operating system. You can use the LostMyPassword tool in 2 modes: as normal user, and as Administrator. The Administrator mode is needed for some types of passwords because they cannot be decrypted without Administrator privileges. </Char_Desc_2000>
		</English>
	</Program_Descriptions>
	<Web_Info>
		<Application_URLs>
			<Application_Info_URL>https://www.nirsoft.net/utils/lost_my_password.html</Application_Info_URL>
			<Application_Order_URL />
			<Application_Screenshot_URL>https://www.nirsoft.net/utils/lostmypassword.png</Application_Screenshot_URL>
			<Application_Icon_URL>https://www.nirsoft.net/utils/lostmypassword_icon.png</Application_Icon_URL>
			<Application_XML_File_URL>https://www.nirsoft.net/pad/lostmypassword.xml</Application_XML_File_URL>
		</Application_URLs>
		<Download_URLs>
			<Primary_Download_URL>https://www.nirsoft.net/utils/lostmypassword.zip</Primary_Download_URL>
			<Secondary_Download_URL />
			<Additional_Download_URL_1 />
			<Additional_Download_URL_2 />
		</Download_URLs>
	</Web_Info>
	<Permissions>
		<Distribution_Permissions />
		<EULA />
	</Permissions>
</XML_DIZ_INFO>
