<?xml version="1.0" ?>
<XML_DIZ_INFO>
	<MASTER_PAD_VERSION_INFO>
		<MASTER_PAD_VERSION>2.01</MASTER_PAD_VERSION>
		<MASTER_PAD_EDITOR>PADGen 2.0.1.22 http://www.padgen.org</MASTER_PAD_EDITOR>
		<MASTER_PAD_INFO>Portable Application Description, or PAD for short, is a data set that is used by shareware authors to disseminate information to anyone interested in their software products. To find out more go to http://www.asp-shareware.org/pad</MASTER_PAD_INFO>
	</MASTER_PAD_VERSION_INFO>
	<Company_Info>
		<Company_Name>NirSoft</Company_Name>
		<Address_1 />
		<Address_2 />
		<City_Town />
		<State_Province />
		<Zip_Postal_Code />
		<Country />
		<Company_WebSite_URL>http://www.nirsoft.net</Company_WebSite_URL>
		<Contact_Info>
			<Author_First_Name>Nir</Author_First_Name>
			<Author_Last_Name>Sofer</Author_Last_Name>
			<Author_Email>nirsofer@yahoo.com</Author_Email>
			<Contact_First_Name>Nir</Contact_First_Name>
			<Contact_Last_Name>Sofer</Contact_Last_Name>
			<Contact_Email>nirsofer@yahoo.com</Contact_Email>
		</Contact_Info>
		<Support_Info>
			<Sales_Email />
			<Support_Email />
			<General_Email />
			<Sales_Phone />
			<Support_Phone />
			<General_Phone />
			<Fax_Phone />
		</Support_Info>
	</Company_Info>
	<Program_Info>
		<Program_Name>NirExt</Program_Name>
		<Program_Version>1.01</Program_Version>
		<Program_Release_Month>08</Program_Release_Month>
		<Program_Release_Day>31</Program_Release_Day>
		<Program_Release_Year>2004</Program_Release_Year>
		<Program_Cost_Dollars />
		<Program_Cost_Other_Code />
		<Program_Cost_Other />
		<Program_Type>Freeware</Program_Type>
		<Program_Release_Status>Minor Update</Program_Release_Status>
		<Program_Install_Support>No Install Support</Program_Install_Support>
		<Program_OS_Support>Win98,WinME,WinNT 4.x,Windows2000,WinXP</Program_OS_Support>
		<Program_Language>English</Program_Language>
		<Program_Change_Info />
		<Program_Specific_Category>Miscellaneous</Program_Specific_Category>
		<Program_Category_Class>Desktop::Other</Program_Category_Class>
		<Program_Categories />
		<Program_System_Requirements />
		<Includes_JAVA_VM>N</Includes_JAVA_VM>
		<Includes_VB_Runtime>N</Includes_VB_Runtime>
		<Includes_DirectX>N</Includes_DirectX>
		<File_Info>
			<Filename_Versioned>nirext101.zip</Filename_Versioned>
			<Filename_Previous />
			<Filename_Generic>nirext.zip</Filename_Generic>
			<Filename_Long />
			<File_Size_Bytes>40385</File_Size_Bytes>
			<File_Size_K>39</File_Size_K>
			<File_Size_MB>0.04</File_Size_MB>
		</File_Info>
		<Expire_Info>
			<Has_Expire_Info>N</Has_Expire_Info>
			<Expire_Count />
			<Expire_Based_On>Days</Expire_Based_On>
			<Expire_Other_Info />
			<Expire_Month />
			<Expire_Day />
			<Expire_Year />
		</Expire_Info>
	</Program_Info>
	<Program_Descriptions>
		<English>
			<Keywords>context menu, extensions,shortcuts,folder,icon,run,command-line</Keywords>
			<Char_Desc_45>Adds 3 useful context menu extensions.</Char_Desc_45>
			<Char_Desc_80>Adds 3 useful context menu extensions to your Windows Explorer environment.</Char_Desc_80>
			<Char_Desc_250>Adds 3 useful context menu extensions to your Windows Explorer environment.</Char_Desc_250>
			<Char_Desc_450>NirExt utility adds 3 useful context menu extensions to your Windows Explorer environment: 
* Folder Properties: Change the icon of any folder you want
* Advanced Run:  Run an application with command-line and some other options. 
* Create Shortcut+:  Instantly create a shortcut and drop it into one of the following folders: Desktop, Start Menu, Programs folder under Start Menu, and more...</Char_Desc_450>
			<Char_Desc_2000>NirExt utility adds 3 useful context menu extensions to your Windows Explorer environment: 
* Folder Properties: This option is available in the context menu when you right-click on a folder in your file system. It allows you change the icon of any folder you want, and change the text that appears when the mouse cursor moves over the folder. 
* Advanced Run: This option is available in the context menu when you right-click on an executable file (*.EXE). It allows you to instantly run an application with command-line and some other options. 
* Create Shortcut+: This option is available in the context menu when you right-click on any file in your system. It allows you to instantly create a shortcut and drop it into one of the following folders: Desktop, Start Menu, Programs folder under Start Menu, Common Desktop (for all users), Common Start Menu (for all users), and Common Programs folder (for all users) under Start Menu. 
</Char_Desc_2000>
		</English>
	</Program_Descriptions>
	<Web_Info>
		<Application_URLs>
			<Application_Info_URL>http://www.nirsoft.net/utils/nirext.html</Application_Info_URL>
			<Application_Order_URL />
			<Application_Screenshot_URL>http://www.nirsoft.net/utils/nirext_menu1.gif</Application_Screenshot_URL>
			<Application_Icon_URL>http://www.nirsoft.net/utils/nirext_icon.gif</Application_Icon_URL>
			<Application_XML_File_URL>http://www.nirsoft.net/pad/nirext.xml</Application_XML_File_URL>
		</Application_URLs>
		<Download_URLs>
			<Primary_Download_URL>http://www.nirsoft.net/utils/nirext.zip</Primary_Download_URL>
			<Secondary_Download_URL />
			<Additional_Download_URL_1 />
			<Additional_Download_URL_2 />
		</Download_URLs>
	</Web_Info>
	<Permissions>
		<Distribution_Permissions />
		<EULA />
	</Permissions>
	<ASP>
		<ASP_FORM>Y</ASP_FORM>
		<ASP_Member>N</ASP_Member>
		<ASP_Member_Number />
	</ASP>
</XML_DIZ_INFO>
