<?xml version="1.0" ?>
<XML_DIZ_INFO>
	<MASTER_PAD_VERSION_INFO>
		<MASTER_PAD_VERSION>2.01</MASTER_PAD_VERSION>
		<MASTER_PAD_EDITOR>PADGen 2.0.1.22 http://www.padgen.org</MASTER_PAD_EDITOR>
		<MASTER_PAD_INFO>Portable Application Description, or PAD for short, is a data set that is used by shareware authors to disseminate information to anyone interested in their software products. To find out more go to http://www.asp-shareware.org/pad</MASTER_PAD_INFO>
	</MASTER_PAD_VERSION_INFO>
	<Company_Info>
		<Company_Name>NirSoft</Company_Name>
		<Address_1 />
		<Address_2 />
		<City_Town />
		<State_Province />
		<Zip_Postal_Code />
		<Country />
		<Company_WebSite_URL>http://www.nirsoft.net</Company_WebSite_URL>
		<Contact_Info>
			<Author_First_Name>Nir</Author_First_Name>
			<Author_Last_Name>Sofer</Author_Last_Name>
			<Author_Email>nirsofer@yahoo.com</Author_Email>
			<Contact_First_Name>Nir</Contact_First_Name>
			<Contact_Last_Name>Sofer</Contact_Last_Name>
			<Contact_Email>nirsofer@yahoo.com</Contact_Email>
		</Contact_Info>
		<Support_Info>
			<Sales_Email />
			<Support_Email />
			<General_Email />
			<Sales_Phone />
			<Support_Phone />
			<General_Phone />
			<Fax_Phone />
		</Support_Info>
	</Company_Info>
	<Program_Info>
		<Program_Name>ZipInstaller</Program_Name>
		<Program_Version>1.21</Program_Version>
		<Program_Release_Month>07</Program_Release_Month>
		<Program_Release_Day>20</Program_Release_Day>
		<Program_Release_Year>2004</Program_Release_Year>
		<Program_Cost_Dollars />
		<Program_Cost_Other_Code />
		<Program_Cost_Other />
		<Program_Type>Freeware</Program_Type>
		<Program_Release_Status>Minor Update</Program_Release_Status>
		<Program_Install_Support>No Install Support</Program_Install_Support>
		<Program_OS_Support>Win95,Win98,WinME,WinNT 4.x,Windows2000,WinXP</Program_OS_Support>
		<Program_Language>English</Program_Language>
		<Program_Change_Info />
		<Program_Specific_Category>Development Tools</Program_Specific_Category>
		<Program_Category_Class>Development::Install &amp; Setup</Program_Category_Class>
		<Program_Categories />
		<Program_System_Requirements />
		<Includes_JAVA_VM>N</Includes_JAVA_VM>
		<Includes_VB_Runtime>N</Includes_VB_Runtime>
		<Includes_DirectX>N</Includes_DirectX>
		<File_Info>
			<Filename_Versioned>zipinst121.zip</Filename_Versioned>
			<Filename_Previous>zipinst111.zip</Filename_Previous>
			<Filename_Generic>zipinst.zip</Filename_Generic>
			<Filename_Long />
			<File_Size_Bytes>69591</File_Size_Bytes>
			<File_Size_K>67</File_Size_K>
			<File_Size_MB>0.07</File_Size_MB>
		</File_Info>
		<Expire_Info>
			<Has_Expire_Info>N</Has_Expire_Info>
			<Expire_Count />
			<Expire_Based_On>Days</Expire_Based_On>
			<Expire_Other_Info />
			<Expire_Month />
			<Expire_Day />
			<Expire_Year />
		</Expire_Info>
	</Program_Info>
	<Program_Descriptions>
		<English>
			<Keywords>zip, unzip, install, uninstall</Keywords>
			<Char_Desc_45>Install applications with no install support</Char_Desc_45>
			<Char_Desc_80>Install applications that do not provide an installation module.</Char_Desc_80>
			<Char_Desc_250>Install applications that do not provide an installation module.</Char_Desc_250>
			<Char_Desc_450>The ZipInstaller utility installs and uninstalls applications and utilities
that do not provide an internal installation program. It automatically 
extracts all files from the Zip file, copies them to the destination folder 
you select, creates shortcuts in the start menu and in your desktop, 
and adds an uninstall module to allow you to automatically remove the 
software in the future.</Char_Desc_450>
			<Char_Desc_2000>The ZipInstaller utility installs and uninstalls applications and utilities
that do not provide an internal installation program. It automatically 
extracts all files from the Zip file, copies them to the destination folder 
you select, creates shortcuts in the start menu and in your desktop, 
and adds an uninstall module to allow you to automatically remove the 
software in the future.</Char_Desc_2000>
		</English>
	</Program_Descriptions>
	<Web_Info>
		<Application_URLs>
			<Application_Info_URL>http://www.nirsoft.net/utils/zipinst.html</Application_Info_URL>
			<Application_Order_URL />
			<Application_Screenshot_URL>http://www.nirsoft.net/utils/zipinst_install.gif</Application_Screenshot_URL>
			<Application_Icon_URL>http://www.nirsoft.net/utils/zipinst_icon.gif</Application_Icon_URL>
			<Application_XML_File_URL>http://www.nirsoft.net/pad/zipinst.xml</Application_XML_File_URL>
		</Application_URLs>
		<Download_URLs>
			<Primary_Download_URL>http://www.nirsoft.net/utils/zipinst.zip</Primary_Download_URL>
			<Secondary_Download_URL />
			<Additional_Download_URL_1 />
			<Additional_Download_URL_2 />
		</Download_URLs>
	</Web_Info>
	<Permissions>
		<Distribution_Permissions />
		<EULA />
	</Permissions>
</XML_DIZ_INFO>
